<manifest alg="2" build="2018.0.0.379" opt="false" iceEnabled="true" iceMarkupVersion="2" iceEnabledOptions="link,responsive,cachebuster,textStyling" exportTarget="other" domain="pws.pws" resolutions="1x" timestamp="1545202699257">
  <folder name="css">
    <file name="site_global.css" crc="444006867"/>
    <file name="master_a-stramien.css" crc="3868437538" ref="hoofdvraag:wat-voor-soorten-hologrammen-bestaan-er-nu:hoofdstukken:index:hoe-werken-hologrammen:wat-zijn-hologrammen"/>
    <file name="hoofdvraag.css" crc="174038403" ref="hoofdvraag"/>
    <file name="wat-voor-soorten-hologrammen-bestaan-er-nu.css" crc="267722617" ref="wat-voor-soorten-hologrammen-bestaan-er-nu"/>
    <file name="hoofdstukken.css" crc="87811978" ref="hoofdstukken"/>
    <file name="index.css" crc="63002236" ref="index"/>
    <file name="hoe-werken-hologrammen.css" crc="3835684166" ref="hoe-werken-hologrammen"/>
    <file name="wat-zijn-hologrammen.css" crc="4067808161" ref="wat-zijn-hologrammen"/>
  </folder>
  <folder name="scripts">
    <file name="jquery-1.8.3.min.js" crc="209076791" ref="index:hoofdstukken:hoofdvraag:wat-zijn-hologrammen:hoe-werken-hologrammen:wat-voor-soorten-hologrammen-bestaan-er-nu"/>
    <file name="museutils.js" crc="3803043152" ref="index:hoofdstukken:hoofdvraag:wat-zijn-hologrammen:hoe-werken-hologrammen:wat-voor-soorten-hologrammen-bestaan-er-nu"/>
    <file name="whatinput.js" crc="86476730" ref="index:hoofdstukken:hoofdvraag:wat-zijn-hologrammen:hoe-werken-hologrammen:wat-voor-soorten-hologrammen-bestaan-er-nu"/>
    <file name="museconfig.js" crc="380897831" ref="index:hoofdstukken:hoofdvraag:wat-zijn-hologrammen:hoe-werken-hologrammen:wat-voor-soorten-hologrammen-bestaan-er-nu"/>
    <file name="jquery.watch.js" crc="99325471" ref="index:hoofdstukken:hoofdvraag:wat-zijn-hologrammen:hoe-werken-hologrammen:wat-voor-soorten-hologrammen-bestaan-er-nu"/>
    <file name="require.js" crc="4157109226" ref="index:hoofdstukken:hoofdvraag:wat-zijn-hologrammen:hoe-werken-hologrammen:wat-voor-soorten-hologrammen-bestaan-er-nu"/>
    <file name="jquery.musemenu.js" crc="3784699396" ref="hoofdstukken"/>
    <file name="html5shiv.js" crc="4241844378" ref="hoofdstukken:hoofdvraag:wat-zijn-hologrammen:hoe-werken-hologrammen:wat-voor-soorten-hologrammen-bestaan-er-nu"/>
  </folder>
  <folder name="images">
    <file name="blank.gif" crc="4208392903" ref="index"/>
    <file name="arrowmenudown.png" crc="262559161" ref="hoofdstukken">
      <caption webpage="hoofdstukken" alt=""/>
      <caption webpage="hoofdstukken" alt=""/>
      <caption webpage="hoofdstukken" alt=""/>
      <caption webpage="hoofdstukken" alt=""/>
    </file>
    <file name="gabriel_lippmann.jpg" crc="188270711" seo="true" ref="hoe-werken-hologrammen">
      <caption webpage="hoe-werken-hologrammen" alt=""/>
    </file>
    <file name="2nsfs4g-u338.png" crc="394337397" ref="hoe-werken-hologrammen"/>
    <file name="figura-6-dennis-gabor-1900-1979-aip-emilio-segre-visual-archives-physics-today.jpg" crc="3865807003" seo="true" ref="hoe-werken-hologrammen">
      <caption webpage="hoe-werken-hologrammen" alt=""/>
    </file>
    <file name="onderzoek.jpg" crc="417949718" seo="true" ref="hoe-werken-hologrammen">
      <caption webpage="hoe-werken-hologrammen" alt=""/>
    </file>
    <file name="lens-converging.gif" crc="4032454452" seo="true" ref="hoe-werken-hologrammen">
      <caption webpage="hoe-werken-hologrammen" alt=""/>
    </file>
    <file name="lens-diverging.gif" crc="4030326424" seo="true" ref="hoe-werken-hologrammen">
      <caption webpage="hoe-werken-hologrammen" alt=""/>
    </file>
  </folder>
  <file name="index.html" crc="330979520" seo="true" mt="1544826058483" redirect="true"/>
  <file name="hoofdstukken.html" crc="517776851" seo="true" mt="1544829321968" redirect="true"/>
  <file name="hoofdvraag.html" crc="4257707856" seo="true" mt="1544806606807" redirect="true"/>
  <file name="wat-zijn-hologrammen.html" crc="4067347195" seo="true" mt="1544826033317" redirect="true"/>
  <file name="hoe-werken-hologrammen.html" crc="3898337234" seo="true" mt="1544806606807" redirect="true"/>
  <file name="wat-voor-soorten-hologrammen-bestaan-er-nu.html" crc="338361173" seo="true" mt="1544825990858" redirect="true"/>
</manifest>